maker,model,detail,
기아,K3,K3,
기아,K3,K3(18),
기아,K3,K3(4도어)(16),
기아,K5,K5,
기아,K5,K5(15),
기아,K5,K5(18),
기아,K5,K5(19)-DL3,
기아,K7,K7,
기아,K8,K8(21)-GL3,
기아,K9,K9,
기아,K9,K9(15),
기아,K9,K9(18),
기아,카니발,그랜드카니발,
기아,모닝,뉴 모닝,
기아,쏘렌토,뉴쏘렌토R(13),
기아,카니발,뉴카니발9인승(06),뉴 카니발(2006)
기아,카렌스,뉴카렌스(06),
기아,프라이드,뉴프라이드4DR(05),
기아,프라이드,뉴프라이드5DR(05),
기아,니로,니로,
기아,니로,니로EV(19),
기아,레이,레이,
기아,레이,레이(18),
기아,모닝,모닝,
기아,모하비,모하비,
기아,모하비,모하비(16),
기아,셀토스,셀토스(19),
기아,스토닉,스토닉,
기아,스팅어,스팅어(17),
기아,스포티지,스포티지(16),
기아,쏘렌토,쏘렌토R,
기아,쏘울,쏘울,
기아,쏘울,쏘울(16),
기아,K7,올 뉴 K7,
기아,모닝,올 뉴 모닝(11),
기아,쏘울,올 뉴 쏘울,
기아,모닝,올뉴모닝(15),
기아,모닝,올뉴모닝(17),
기아,쏘렌토,올뉴쏘렌토,
기아,쏘렌토,올뉴쏘렌토(18),
기아,쏘울,올뉴쏘울(16),
기아,카니발,올뉴카니발(14),올뉴카니발(2014)
기아,카렌스,올뉴카렌스,
기아,프라이드,올뉴프라이드4DR(12),
기아,프라이드,올뉴프라이드5DR(12),
기아,카렌스,카렌스(16),
기아,프라이드,프라이드(4Dr),
기아,프라이드,프라이드(5Dr),
기아,프라이드,프라이드4DR(15),
기아,프라이드,프라이드5DR(15),
르노삼성,SM7,All New SM7,
르노삼성,SM5,New SM5 플래티넘,
르노삼성,QM3,QM3,
르노삼성,QM5,QM5,
르노삼성,QM5,QM5(11),
르노삼성,QM5,QM5네오(14),
르노삼성,QM6,QM6,
르노삼성,SM3,SM3 (09),
르노삼성,SM3,SM3 (2.0),
르노삼성,SM5,SM5 (2.5),
르노삼성,SM5,SM5 Nova,
르노삼성,SM5,SM5 TCE(13),
르노삼성,SM5,SM5(10),
르노삼성,SM6,SM6,
르노삼성,SM7,SM7 Nova,
르노삼성,SM3,XM3(20)-LJL,XM3(2020)
르노삼성,SM3,뉴 SM3,
르노삼성,SM5,뉴 SM5,
르노삼성,SM3,뉴SM3(2012),
르노삼성,클리오,클리오,
쌍용,렉스턴,G4 렉스턴,
쌍용,렉스턴,뉴렉스턴,
쌍용,렉스턴,렉스턴,
쌍용,렉스턴,렉스턴 II,
쌍용,코란도,뷰티풀코란도,
쌍용,체어맨,체어맨W,
쌍용,코란도,코란도 C,
쌍용,코란도,코란도 투리스모,
쌍용,코란도,코란도스포츠,
쌍용,티볼리,티볼리,
한국GM,스파크,더넥스트스파크,
한국GM,말리부,말리부,
한국GM,스파크,스파크(마티즈크리에이티브),스파크
한국GM,아베오,아베오(세단),
한국GM,아베오,아베오(해치백),
한국GM,알페온,알페온,
한국GM,말리부,올뉴말리부,
한국GM,말리부,올뉴말리부(2017),
한국GM,크루즈,올뉴크루즈(17),
한국GM,올란도,올란도,
한국GM,윈스톰,윈스톰,
한국GM,윈스톰,윈스톰맥스,
한국GM,임팔라,임팔라,
한국GM,임팔라,임팔라(15)-10TH,
한국GM,라세티,크루즈(라세티 프리미어),
한국GM,트랙스,트랙스,
현대,EQ900,EQ900,
현대,G70,G70(17),
현대,G80,G80(16),
현대,G80,G80(20)-RG3,
현대,G70,GV70(20)-JK1,
현대,G70,GV70(21),
현대,G80,GV80(20),
현대,G80,GV80(20)-JX1,
현대,그랜저,HG그랜저,
현대,그랜저,HG그랜져,
현대,i30,i30,
현대,i30,i30 (2012),
현대,i30,i30(2017),
현대,i40,i40,
현대,i40,i40 살룬,
현대,i40,i40 살룬(15),
현대,i40,i40(15),
현대,쏘나타,LF 쏘나타,
현대,쏘나타,LF 쏘나타 뉴라이즈,
현대,쏘나타,YF 쏘나타,
현대,쏘나타,YF쏘나타 하이브리드,
현대,스타렉스,그랜드스타렉스 3밴,
현대,스타렉스,그랜드스타렉스 3밴(15),
현대,스타렉스,그랜드스타렉스 5밴,
현대,스타렉스,그랜드스타렉스 5밴(15),
현대,스타렉스,그랜드스타렉스 웨건,
현대,스타렉스,그랜드스타렉스 웨건(15),
현대,스타렉스,그랜드스타렉스3밴(18),
현대,스타렉스,그랜드스타렉스5밴(18),
현대,스타렉스,그랜드스타렉스웨건(18),
현대,그랜저,그랜저(19)-IG,
현대,그랜저,그랜저IG(17),
현대,그랜저,그랜저IG(20),
현대,그랜저,그랜져IG(17),
현대,엑센트,뉴엑센트(4Dr),
현대,엑센트,뉴엑센트(5Dr),
현대,맥스크루즈,맥스크루즈,
현대,맥스크루즈,맥스크루즈(16),
현대,베뉴,베뉴(19),
현대,베라크루즈,베라크루즈,
현대,벨로스터,벨로스터,
현대,벨로스터,벨로스터(15),
현대,벨로스터,벨로스터(17),
현대,스타리아,스타리아 투어러(21),
현대,스타리아,스타리아 투어러(21)-US4,
현대,스타렉스,신형 스타렉스6밴,
현대,스타렉스,신형 스타렉스점보,
현대,싼타페,싼타페,
현대,싼타페,싼타페(15),
현대,싼타페,싼타페(2012),
현대,싼타페,싼타페DM,
현대,싼타페,싼타페TM(18),
현대,쏘나타,쏘나타(19),
현대,아반떼,아반떼 하이브리드 LPi,
현대,아반떼,아반떼(20)-CN7,
현대,아반떼,아반떼AD(16),
현대,아반떼,아반떼MD(10),
현대,아반떼,아반떼MD(13),
현대,아슬란,아슬란,
현대,아이오닉,아이오닉,
현대,아이오닉,아이오닉5(21)-NE,
현대,에쿠스,에쿠스(09),
현대,엑센트,엑센트(11),
현대,엑센트,엑센트(15),
현대,아반떼,올뉴아반떼,
현대,투싼,올뉴투싼,
현대,투싼,올뉴투싼(15),
현대,G80,제네시스,
현대,G80,제네시스(14),
현대,코나,코나,
현대,코나,코나EV(19),
현대,투싼,투싼 IX,
현대,투싼,투싼(14),
현대,펠리세이드,팰리세이드(19),
